Product_Name,Condition,Price,Bids,Purchase_Option,Shipping_Cost,Seller_Name,Seller_Rating_Percent,Seller_Rating_Count
"Panasonic LUMIX DMC-GH2 16.0MP Digital Camera Black (Body Only) TESTED",Pre-Owned,129.99,,or Best Offer,Free,zrm3091,99.2,264
"Canon EOS R100 Mirrorless Camera DS126891 Bundle, Lens RF-S18 45mm, No Charger",Pre-Owned,104.50,25,Auction,,,
"Panasonic LUMIX DMC-GF2 Mirrorless Digital Camera Bundle",Pre-Owned,112.50,22,Auction,,,
"Panasonic Lumix DC-G100 Mirrorless Camera with Lumix G Vario 12-32mm Lens, Black",Pre-Owned,140.50,22,Auction,,,
"Sony Alpha NEX-5R Mirrorless Camera 16.1MP Tested Works W/18-55mm F3.5-5.6",Pre-Owned,152.50,15,Auction,,,
"Olympus OM-D E-M10 16MP Mirrorless Digital Camera Powers On Untested P/R",Parts Only,80.00,14,Auction,,,
"CANON EOS M 18.0MP MIRRORLESS DIGITAL CAMERA BODY - NO LENS",Pre-Owned,79.48,12,Auction,,,
"SONY Alpha a5000 Mirrorless Digital Camera W/16-50mm Lens Battery 32gb SD WORKS",Pre-Owned,91.00,11,Auction,,,
"Nikon 1 S1 10.1MP Digital Camera with 30-110mm Lens Powers On Untested P/R",Parts Only,46.00,11,Auction,,,
"Nikon 1 V1 10.1MP Mirrorless Digital Camera Body Black #778",Very Good - Refurbished,133.03,,or Best Offer,Free,robertscamera,99.6,248.3K
"Nikon S1 Bundle - Body, Zoom Lens, Additional Lens, Strap And Cap LOOK Amazing",Pre-Owned,155.00,,or Best Offer,+8.85,keeptheghostsout,100,92
"Nikon D60 Digital Camera 18-55mm VR Lens, 5550DX Flash, Battery, Bag, LAST ONE!",Pre-Owned,144.99,,Buy It Now,+56.81,lucky_giraffe,98.4,451
"SONY NEX-5 HD 14.2MP MIRRORLESS DIGITAL CAMERA with 18-55mm Lens Kit",Pre-Owned,148.00,,Buy It Now,+18.99,concourse,98.1,24.8K
"Samsung NX NX1000 20.3MP Digital Mirrorless Camera - Body Only",Pre-Owned,72.99,,or Best Offer,Free,timsusername,100,174
"Sony Alpha NEX-3N 16.1MP Mirrorless Digital Camera White Body Powers On READ",Pre-Owned,139.99,,or Best Offer,Free,mediasmirk,100,1K
"Panasonic LUMIX DMC-GF2 Mirrorless Digital Camera Bundle",Pre-Owned,112.50,22,Auction,+13.78,thriftonic,99.4,99.9K
"Olympus OM-D E-M10 16MP Mirrorless Digital Camera Powers On Untested P/R",Parts Only,80.00,14,Auction,+13.95,seattlegoodwill,97.9,358.3K
"PENTAX K-01 Yellow --shutter is stuck closed -- for parts includes charger",Pre-Owned,79.00,,Buy It Now,+7.67,dtiffany252,100,428
"Panasonic Lumix DC-G100 Mirrorless Camera with Lumix G Vario 12-32mm Lens, Black",Pre-Owned,140.50,22,Auction,+18.93,greatlakespawn,100,13.7K
"Sony Alpha NEX-3K 14.2MP Digital Camera - Black (Kit w/ E OSS 18-55mm Lens)",Pre-Owned,150.00,,or Best Offer,+10.00,bullsfan99,100,119
"Sony Alpha NEX-3 14.2MP Mirrorless Camera Battery charger from japan #2537100",Pre-Owned,89.00,,Buy It Now,+33.00,clownfish_camera_japan,100,94
"Sony Alpha a5000 Mirrorless Camera w/ 16-50mm Lens – Black – Blurry Screen",Parts Only,158.99,,Buy It Now,Free,snapsale,98,3.7K
"NIKON 1 J3 14.2MP DIGITAL CAMERA 10-30MM LENS WHITE TESTED & WORKING EXCELLENT",Pre-Owned,159.99,,Buy It Now,+9.99,atchiford,100,863
"Olympus PEN E-PM1 12.3MP Looks and works great except no image stabilizer.",Pre-Owned,125.00,,Buy It Now,+10.80,cyang0887,100,6.8K
"【Near Mint】 Olympus Pen Mini E-PM1 12.3MP Digital Camera 14-42mm lens From JAPAN",Pre-Owned,139.99,,Buy It Now,+50.00,amakasu_camera_japan,100,138
"Panasonic Lumix DMC-GF3 12MP Mirrorless Camera Body and Battery Only",Pre-Owned,80.00,,or Best Offer,Free,luesjo12,100,152
"Panasonic Lumix GH1 Mirrorless Digital Camera Body Shutter Count8939 Black 320",Pre-Owned,68.00,,or Best Offer,+26.00,thomas_11store,97.9,1.7K
"Panasonic Lumix G3 16.0MP MFT Mirrorless Digital Camera #WE2DB001381",Pre-Owned,99.00,0,Auction/Buy It Now,+8.29,b_perlin,0,30
"Olympus OM-D E-M1 Mirrorless MFT (Micro Four Thirds) Camera Body, Black {16.3MP}",Parts Only,119.99,,Buy It Now,Free,thecameraoutlet,99.3,130K
"LUMIX GF2 Mirrorless Camera Body Charger Battery & Lumix Lens 14-42 3.5-5.6 !!!",Pre-Owned,126.87,,or Best Offer,+17.33,flipfinity,100,140
"Sony a6000 ILCE-6000Y w/ SELP1650 SEL55210 5,264shots -Near Mint- 35 Languages",Pre-Owned,152.50,8,Auction,Free,kobuta_camera0220,100,951
"8MP 4K Digital Camera - heyday Black: Mirrorless, UHD Video, 512GB Capacity",Open Box,55.00,,or Best Offer,Free,calimr,0,1
"Panasonic Lumix GF3 black digital camera with 14-42mm lens Sd Card charger",Pre-Owned,149.95,,Buy It Now,Free,wasatchmercantile,100,3.4K
"Nikon 1 J4 Mirrorless Camera 10-30mm Zoom Lens 18.4MP Silver From Japan Used",Pre-Owned,150.00,0,Auction/Buy It Now,+12.75,wy54375,100,13
"Panasonic Lumix DMC-GF1 W/Battery and Charger",Pre-Owned,130.00,,Buy It Now,Free,tiny-industries,98.1,50
"CANON EOS M 18.0MP MIRRORLESS DIGITAL CAMERA BODY - NO LENS",Pre-Owned,79.48,12,Auction,+30.65,lauzlenz,100,6.6K
"Samsung NX2000 Smart Wi-Fi Mirrorless Touchscreen Digital Camera W/20-50mm Lens",Pre-Owned,134.00,,Buy It Now,+14.99,jimwar123104,100,2.3K
"Olympus PEN E-PL1 Digital Camera White M.ZUIKO DIGITAL 14-42mm Lens [EXC++] 2657",Pre-Owned,156.15,,or Best Offer,Free,applause168,99.5,621
"OLYMPUS PEN E PM1 Mirrorless Digital Camera Body Micro Four Thirds Tested",Pre-Owned,152.99,,or Best Offer,+25.00,negiman9,99.3,1.5K
"[Near MINT w/ strap] OLYMPUS PEN E-PL2 Mirrorless Camera ShutterCount11544 Japan",Pre-Owned,119.99,,Buy It Now,Free,jojig_59_camera_japan,100,56
"Two Cameras 250 OBO",Pre-Owned,150.00,,or Best Offer,+6.30,vaccne,0,0
"Nikon 1 J1 Mirrorless Camera Body, Black {10.1MP} (Made in China)",Pre-Owned,59.99,,Buy It Now,Free,thecameraoutlet,99.3,130K
"Nikon 1 V1 10.1MP Mirrorless Digital Black Camer Body",Pre-Owned,94.99,,Buy It Now,+10.65,somethingunique32_9,100,1.1K
"Canon M200 Mirrorless Camera - with Kit Lens, Dummy Battery, EF Mount Adapter",Pre-Owned,99.99,0,Auction,+5.85,sbxprod,100,59
"Canon EOS M10 18MP Digital Camera White Color w/ EF-M 15-45mm (35115-1)",Pre-Owned,127.50,5,Auction,+14.85,murraydeals,98,1K
"Sony Alpha NEX-3 14.2MP Mirrorless Digital Camera 3486 SC Camera Body Only",Pre-Owned,89.99,,Buy It Now,Free,wynwoodsocialclub,99,3.9K
"Nikon 1 J1 Red 10.1 Effective Megapixel HD Compact ILC Mirrorless Digital Camera",Pre-Owned,99.95,,Buy It Now,+8.95,mrgondo,100,4.9K
"Panasonic LUMIX DMC-L10 10.1MP Digital Camera Tested Japan 【Exc+5】 5299",Pre-Owned,94.05,,or Best Offer,+28.00,camera_love_jp,100,1K
"4K 48MP Mirrorless Camera With 16X Zoom 32GB Memory Card Travel Camera For CMTS",Brand New,90.20,,or Best Offer,Free,shenzhenpinkvin_0,99.5,3.6K
"MINT Panasonic LUMIX DMC-G2 12.1MP Digital Camera - Black (Body Only) #686",Pre-Owned,130.00,,or Best Offer,Free,gadjit,99.9,7.5K
"NIKON 1 J1 Mirrorless Digital Camera Body Red UNTESTED",Pre-Owned,65.00,,or Best Offer,+10.98,phxstreetwear,99.4,1.5K
"Panasonic LUMIX DMC-GF3 14-42mm Mirrorless Camera From Japan",Pre-Owned,159.99,,or Best Offer,+9.99,highlfi0,99.7,453
"Sony Alpha a6300 ILCE-6300 Black 4K Video Mirrorless Camera 3"" LCD --- AS IS ---",Parts Only,26.00,7,Auction,+11.99,pawnamerica,99.7,204.1K
"English OK! [Near MINT+++ in Box] Panasonic LUMIX DMC-GF2 12.1MP Digital Camera",Pre-Owned,159.49,,or Best Offer,Free,hisar-0,100,1.5K
"Samsung NX2000 Smart Wi-Fi Mirrorless Touchscreen Digital Camera W/20-50mm Lens",Pre-Owned,159.00,,or Best Offer,+14.99,jimwar123104,100,2.3K
"Panasonic LUMIX DMC-GF3 12.1MP Camera (Body Only) w/ charger battery SD",Pre-Owned,95.00,,Buy It Now,+12.00,vegavega626,100,1K
"AS-IS Nikon 1 J2 Mirrorless Camera Orange w/ 10–30mm VR Lens & OEM Battery",Parts Only,89.97,,Buy It Now,Free,phoenixbird369,100,2.3K
"Samsung NX NX210 20.3MP Digital Camera",Pre-Owned,160.00,,Buy It Now,Free,happyendings,96.3,25
"Panasonic Lumix GF2 DMC-GF2 12.1 MP Digital Camera Body (#18722)",Pre-Owned,109.95,,Buy It Now,+13.45,2ndstop,100,18.6K
"Olympus Pen E-PL1 12.3MP Compact Mirrorless Camera READ Shutter 19,200 #T-41803",Pre-Owned,79.98,,Buy It Now,+20.54,gulfcoastcamera,100,13.1K
"PENTAX Pentax Q Q10 12.4MP Digital Camera - Red/Black (Kit w/ SMC 5-15mm Lens)",Pre-Owned,75.00,0,Auction/Buy It Now,+8.34,jaymesbawned,0,149
"Sony Alpha NEX-C3 Digital Camera w/ 18-55mm Lens – Black – Does Not Turn On",Parts Only,83.99,,Buy It Now,Free,snapsale,98,3.7K
"Nikon 1 J1 Mirrorless Camera w/ 30-110mm VR Lens w/Battery + Charger 1036 Count",Pre-Owned,149.99,,Buy It Now,Free,souseisugi,100,37
"SONY Alpha a5000 Mirrorless Digital Camera W/16-50mm Lens Battery 32gb SD WORKS",Pre-Owned,91.00,11,Auction,Free,chasechewie,100,111
"[VG] Panasonic LUMIX DMC-G3 Mirrorless Camera Body Only EN Lang - FULLY TESTED",Pre-Owned,108.99,,Buy It Now,+50.00,the_camera,100,65
"Panasonic Lumix DMC-GF3 DMC-GF3 12.0MP Mirrorless Digital Camera",Pre-Owned,99.99,,Buy It Now,Free,drphillipstechtoys,98.9,536
"Nikon 1 J1 10.1MP Digital Camera White with Nikkor 30-110mm Lens",Pre-Owned,159.97,,or Best Offer,+14.95,grsales4less,100,2.5K
"Nikon 1 J1 Mirrorless Digital Camera w/ Nikkor 30-110mm F/3.8-5.6 Lens",Pre-Owned,130.00,,or Best Offer,+38.00,,,
